[
  {
    "id": "7dc83905-4bc6-46e4-ae56-01e640ecb543",
    "data": [
      {
        "text": "How long does shipping takes?",
        "userDefined": false
      }
    ],
    "isTemplate": false,
    "count": 0,
    "lang": "en",
    "updated": 0
  },
  {
    "id": "1bd3269d-11e9-45c7-9349-0cffd0019b7c",
    "data": [
      {
        "text": "What are the shipping charges?",
        "userDefined": false
      }
    ],
    "isTemplate": false,
    "count": 0,
    "lang": "en",
    "updated": 0
  },
  {
    "id": "90f3b21e-3af5-4383-8f80-79bdd611cf37",
    "data": [
      {
        "text": "When will my package ship?",
        "userDefined": false
      }
    ],
    "isTemplate": false,
    "count": 0,
    "lang": "en",
    "updated": 0
  }
]