[
  {
    "id": "6046e8dc-ac4e-4ea1-8a25-100a7131bfb8",
    "data": [
      {
        "text": "Where is my order?",
        "userDefined": false
      }
    ],
    "isTemplate": false,
    "count": 0,
    "lang": "en",
    "updated": 0
  },
  {
    "id": "5954fd79-d62d-4ac0-844b-1fdae9fd0e96",
    "data": [
      {
        "text": "Track my package",
        "userDefined": false
      }
    ],
    "isTemplate": false,
    "count": 0,
    "lang": "en",
    "updated": 0
  },
  {
    "id": "49dbd748-c343-4f83-bc85-0660e8b8fea2",
    "data": [
      {
        "text": "When will my order arrive?",
        "userDefined": false
      }
    ],
    "isTemplate": false,
    "count": 0,
    "lang": "en",
    "updated": 0
  }
]