[
  {
    "id": "c521b3fb-6a97-4da7-8fe2-e8a31e23c2a6",
    "data": [
      {
        "text": "What\u0027s your refund policy?",
        "userDefined": false
      }
    ],
    "isTemplate": false,
    "count": 0,
    "lang": "en",
    "updated": 0
  },
  {
    "id": "79f4cb41-6fa5-4dfc-801b-e01350889fd8",
    "data": [
      {
        "text": "Can i return my item?",
        "userDefined": false
      }
    ],
    "isTemplate": false,
    "count": 0,
    "lang": "en",
    "updated": 0
  },
  {
    "id": "782d5b91-62a5-446a-8a50-48fe03453ab6",
    "data": [
      {
        "text": "How do i get a refund?",
        "userDefined": false
      }
    ],
    "isTemplate": false,
    "count": 0,
    "lang": "en",
    "updated": 0
  }
]