[
  {
    "id": "be951925-8106-448a-94a1-fb83fddf48b4",
    "data": [
      {
        "text": "Hii",
        "userDefined": false
      }
    ],
    "isTemplate": false,
    "count": 0,
    "lang": "en",
    "updated": 0
  },
  {
    "id": "9a71346a-330e-4ae1-8b48-a9024e2b81e7",
    "data": [
      {
        "text": "Hello",
        "userDefined": false
      }
    ],
    "isTemplate": false,
    "count": 0,
    "lang": "en",
    "updated": 0
  },
  {
    "id": "8eccc78b-10c6-4511-a6ca-d07cfbb86621",
    "data": [
      {
        "text": "Start",
        "userDefined": false
      }
    ],
    "isTemplate": false,
    "count": 0,
    "lang": "en",
    "updated": 0
  }
]